[
null,
{"id":1,"battlerName":"","characterIndex":0,"characterName":"People3","classId":3,"equips":[8,40,68,2,86],"faceIndex":0,"faceName":"People3","traits":[],"initialLevel":4,"maxLevel":10,"name":"Monk Tang","nickname":"Monk Tang","note":"","profile":""},
{"id":2,"battlerName":"","characterIndex":4,"characterName":"Actor2","classId":6,"equips":[2,0,67,3,80],"faceIndex":4,"faceName":"Actor2","traits":[],"initialLevel":4,"maxLevel":10,"name":"Monkey King","nickname":" Monkey King","note":"","profile":""},
{"id":3,"battlerName":"","characterIndex":2,"characterName":"Nature","classId":5,"equips":[16,0,49,5,97],"faceIndex":2,"faceName":"Nature","traits":[],"initialLevel":4,"maxLevel":10,"name":"Piggie","nickname":"Piggie","note":"","profile":""},
{"id":4,"battlerName":"","characterIndex":4,"characterName":"People4","classId":7,"equips":[38,0,54,2,94],"faceIndex":4,"faceName":"People4","traits":[],"initialLevel":4,"maxLevel":10,"name":"Monk Sha","nickname":"Monk Sha","note":"","profile":""},
{"id":5,"battlerName":"","characterIndex":0,"characterName":"","classId":1,"equips":[0,0,0,0,0],"faceIndex":0,"faceName":"","traits":[],"initialLevel":1,"maxLevel":99,"name":"blank(intro)","nickname":"","note":"","profile":""},
{"id":6,"battlerName":"","characterIndex":0,"characterName":"","classId":1,"equips":[0,0,0,0,0],"faceIndex":0,"faceName":"","traits":[],"initialLevel":1,"maxLevel":99,"name":"","nickname":"","note":"","profile":""},
{"id":7,"battlerName":"","characterIndex":0,"characterName":"","classId":1,"equips":[0,0,0,0,0],"faceIndex":0,"faceName":"","traits":[],"initialLevel":1,"maxLevel":99,"name":"","nickname":"","note":"","profile":""},
{"id":8,"battlerName":"","characterIndex":0,"characterName":"","classId":1,"equips":[0,0,0,0,0],"faceIndex":0,"faceName":"","traits":[],"initialLevel":1,"maxLevel":99,"name":"","nickname":"","note":"","profile":""},
{"id":9,"battlerName":"","characterIndex":0,"characterName":"","classId":1,"equips":[0,0,0,0,0],"faceIndex":0,"faceName":"","traits":[],"initialLevel":1,"maxLevel":99,"name":"","nickname":"","note":"","profile":""},
{"id":10,"battlerName":"","characterIndex":0,"characterName":"","classId":1,"equips":[0,0,0,0,0],"faceIndex":0,"faceName":"","traits":[],"initialLevel":1,"maxLevel":99,"name":"","nickname":"","note":"","profile":""}
]